"","x"
"1",1
"2",2
"3",4
"4",5
"5",6
"6",7
"7",9
"8",10
"9",11
"10",13
"11",16
"12",18
"13",19
"14",20
"15",21
"16",22
"17",26
"18",27
"19",28
"20",29
"21",30
"22",31
"23",32
"24",34
"25",36
"26",39
"27",41
"28",42
"29",43
"30",44
"31",46
"32",47
"33",48
"34",50
"35",52
"36",54
"37",55
"38",56
"39",58
"40",61
"41",63
"42",66
"43",67
"44",68
"45",70
"46",73
"47",74
"48",75
"49",76
"50",77
"51",79
"52",82
"53",83
"54",84
"55",88
"56",89
"57",91
"58",92
"59",93
"60",94
"61",95
"62",96
"63",97
"64",98
"65",99
"66",100
"67",101
"68",103
"69",104
"70",106
"71",107
"72",108
"73",109
"74",111
"75",112
"76",113
"77",114
"78",116
"79",117
"80",118
"81",119
"82",120
"83",122
"84",125
"85",126
"86",129
"87",130
"88",134
"89",135
"90",136
"91",137
"92",138
"93",139
"94",141
"95",142
"96",144
"97",145
"98",147
"99",153
"100",154
"101",155
"102",156
"103",159
"104",160
"105",161
"106",162
"107",164
"108",165
"109",166
"110",167
"111",169
"112",170
"113",171
"114",174
"115",175
"116",176
"117",177
"118",178
"119",180
"120",181
"121",183
"122",185
"123",186
"124",189
"125",192
"126",193
"127",194
"128",197
"129",198
"130",199
"131",202
"132",203
"133",207
"134",209
"135",212
"136",213
"137",214
"138",215
"139",217
"140",219
"141",220
"142",222
"143",223
"144",224
"145",227
"146",228
"147",235
"148",238
"149",240
"150",241
"151",242
"152",243
"153",244
"154",247
"155",248
"156",249
"157",250
"158",251
"159",253
"160",255
"161",257
"162",259
"163",260
"164",262
"165",263
"166",264
"167",265
"168",266
"169",269
"170",270
"171",271
"172",272
"173",273
"174",274
"175",275
"176",276
"177",277
"178",280
"179",282
"180",283
"181",285
"182",286
"183",287
"184",290
"185",291
"186",294
"187",295
"188",296
"189",298
"190",299
"191",300
"192",302
"193",303
"194",304
"195",312
"196",313
"197",315
"198",316
"199",317
"200",319
"201",320
"202",322
"203",323
"204",325
"205",326
"206",327
"207",328
"208",330
"209",331
"210",332
"211",333
"212",334
"213",335
"214",336
"215",337
"216",338
"217",339
"218",340
"219",342
"220",345
"221",346
"222",348
"223",349
"224",350
"225",351
"226",353
"227",355
"228",356
"229",357
"230",358
"231",359
"232",361
"233",362
"234",363
"235",364
"236",365
"237",366
"238",367
"239",368
"240",369
"241",370
"242",371
"243",372
"244",373
"245",375
"246",376
"247",377
"248",378
"249",379
"250",381
"251",382
"252",383
"253",384
"254",385
"255",388
"256",389
"257",390
"258",391
"259",396
"260",397
"261",398
"262",400
"263",401
"264",402
"265",403
"266",404
"267",405
"268",406
"269",407
"270",408
"271",409
"272",411
"273",414
"274",415
"275",417
"276",418
"277",419
"278",420
"279",422
"280",425
"281",426
"282",427
"283",428
"284",429
"285",433
"286",434
"287",435
"288",436
"289",437
"290",439
"291",444
"292",445
"293",446
"294",447
"295",448
"296",449
"297",451
"298",452
"299",453
"300",454
"301",455
"302",456
"303",457
"304",458
"305",459
"306",461
"307",463
"308",465
"309",466
"310",468
"311",471
"312",473
"313",475
"314",476
"315",477
"316",478
"317",479
"318",480
"319",481
"320",483
"321",484
"322",485
"323",486
"324",488
"325",489
"326",490
"327",493
"328",494
"329",497
"330",499
"331",501
"332",502
"333",503
"334",506
"335",508
"336",509
"337",512
"338",515
"339",516
"340",517
"341",518
"342",519
"343",520
"344",522
"345",524
"346",525
"347",528
"348",529
"349",531
"350",533
"351",534
"352",535
"353",537
"354",538
"355",540
"356",542
"357",543
"358",545
"359",546
"360",553
"361",554
"362",555
"363",557
"364",559
"365",561
"366",562
"367",563
"368",565
"369",566
"370",567
"371",570
"372",572
"373",574
"374",575
"375",576
"376",577
"377",579
"378",581
"379",582
"380",583
"381",585
"382",591
"383",592
"384",593
"385",594
"386",596
"387",598
"388",599
"389",600
"390",602
"391",603
"392",604
"393",605
"394",608
"395",611
"396",614
"397",617
"398",618
"399",619
"400",620
"401",621
"402",622
"403",623
"404",624
"405",625
"406",627
"407",628
"408",629
"409",630
"410",631
"411",634
"412",637
"413",639
"414",642
"415",644
"416",646
"417",647
"418",648
"419",649
"420",650
"421",651
"422",653
"423",654
"424",655
"425",656
"426",657
"427",659
"428",663
"429",664
"430",669
"431",671
"432",672
"433",673
"434",675
"435",676
"436",678
"437",679
"438",680
"439",682
"440",683
"441",684
"442",685
"443",688
"444",689
"445",690
"446",691
"447",693
"448",694
"449",696
"450",697
"451",698
"452",700
"453",701
"454",702
"455",705
"456",706
"457",707
"458",710
"459",711
"460",712
"461",713
"462",716
"463",717
"464",719
"465",721
"466",723
"467",724
"468",725
"469",726
"470",727
"471",728
"472",729
"473",731
"474",732
"475",733
"476",736
"477",737
"478",738
"479",742
"480",746
"481",747
"482",748
"483",751
"484",752
"485",754
"486",755
"487",756
"488",758
"489",759
"490",760
"491",762
"492",764
"493",766
"494",768
"495",770
"496",771
"497",772
"498",773
"499",774
"500",775
"501",777
"502",778
"503",779
"504",782
"505",783
"506",784
"507",785
"508",786
"509",789
"510",791
"511",793
"512",794
"513",795
"514",796
"515",798
"516",802
"517",804
"518",805
"519",806
"520",807
"521",808
"522",809
"523",810
"524",811
"525",813
"526",815
"527",816
"528",819
"529",822
"530",823
"531",824
"532",825
"533",826
"534",830
"535",831
"536",835
"537",836
"538",837
"539",841
"540",843
"541",845
"542",847
"543",848
"544",849
"545",851
"546",853
"547",854
"548",855
"549",856
"550",857
"551",858
"552",859
"553",862
"554",866
"555",867
"556",868
"557",870
"558",871
"559",872
"560",873
"561",874
"562",875
"563",877
"564",878
"565",879
"566",881
"567",884
"568",885
"569",888
"570",890
"571",891
"572",892
"573",893
"574",894
"575",895
"576",896
"577",897
"578",898
"579",900
"580",901
"581",902
"582",905
"583",907
"584",910
"585",911
"586",912
"587",913
"588",915
"589",916
"590",917
"591",918
"592",921
"593",923
"594",926
"595",927
"596",928
"597",931
"598",932
"599",933
"600",934
"601",936
"602",937
"603",938
"604",939
"605",940
"606",941
"607",942
"608",943
"609",944
"610",947
"611",948
"612",949
"613",954
"614",955
"615",957
"616",958
"617",959
"618",961
"619",962
"620",963
"621",964
"622",965
"623",968
"624",969
"625",970
"626",971
"627",972
"628",974
"629",975
"630",976
"631",977
"632",978
"633",979
"634",980
"635",983
"636",984
"637",985
"638",987
"639",988
"640",989
"641",990
"642",991
"643",992
"644",993
"645",994
"646",997
"647",998
"648",999
"649",1000
"650",1001
"651",1002
"652",1003
"653",1004
"654",1007
"655",1010
"656",1014
"657",1015
"658",1017
"659",1018
"660",1019
"661",1020
"662",1021
"663",1022
"664",1024
"665",1025
"666",1026
"667",1027
"668",1030
"669",1031
"670",1032
"671",1033
"672",1034
"673",1035
"674",1036
"675",1037
"676",1038
"677",1040
"678",1045
"679",1046
"680",1049
"681",1050
"682",1051
"683",1052
"684",1053
"685",1054
"686",1056
"687",1057
"688",1058
"689",1059
"690",1060
"691",1061
"692",1063
"693",1065
"694",1066
"695",1068
"696",1069
"697",1070
"698",1072
"699",1073
"700",1074
"701",1075
"702",1076
"703",1079
"704",1080
"705",1081
"706",1082
"707",1083
"708",1084
"709",1085
"710",1086
"711",1088
"712",1089
"713",1091
"714",1093
"715",1094
"716",1095
"717",1096
"718",1099
"719",1105
"720",1106
"721",1109
"722",1111
"723",1112
"724",1113
"725",1115
"726",1117
"727",1120
"728",1122
"729",1125
"730",1127
"731",1130
"732",1131
"733",1133
"734",1134
"735",1135
"736",1136
"737",1138
"738",1139
"739",1141
"740",1142
"741",1144
"742",1145
"743",1148
"744",1151
"745",1152
"746",1153
"747",1155
"748",1156
"749",1157
"750",1158
"751",1159
"752",1161
"753",1164
"754",1166
"755",1167
"756",1169
"757",1171
"758",1172
"759",1173
"760",1174
"761",1176
"762",1178
"763",1179
"764",1182
"765",1184
"766",1187
"767",1188
"768",1189
"769",1190
"770",1191
"771",1193
"772",1194
"773",1195
"774",1199
"775",1200
"776",1203
"777",1206
"778",1207
"779",1210
"780",1215
"781",1216
"782",1217
"783",1218
"784",1219
"785",1220
"786",1221
"787",1222
"788",1223
"789",1224
"790",1226
"791",1230
"792",1231
"793",1235
"794",1238
"795",1241
"796",1245
"797",1246
"798",1247
"799",1249
"800",1252
"801",1255
"802",1256
"803",1257
"804",1259
"805",1260
"806",1261
"807",1264
"808",1266
"809",1271
"810",1272
"811",1275
"812",1277
"813",1278
"814",1280
"815",1281
"816",1282
"817",1284
"818",1285
"819",1286
"820",1287
"821",1288
"822",1289
"823",1291
"824",1292
"825",1294
"826",1295
"827",1296
"828",1298
"829",1301
"830",1302
"831",1303
"832",1304
"833",1305
"834",1307
"835",1312
"836",1313
"837",1316
"838",1317
"839",1320
"840",1321
"841",1322
"842",1324
"843",1325
"844",1326
"845",1328
"846",1330
"847",1331
"848",1334
"849",1338
"850",1340
"851",1343
"852",1344
"853",1346
"854",1347
"855",1350
"856",1351
"857",1352
"858",1354
"859",1355
"860",1357
"861",1358
"862",1359
"863",1361
"864",1362
"865",1363
"866",1364
"867",1365
"868",1366
"869",1367
"870",1368
"871",1371
"872",1372
"873",1373
"874",1374
"875",1377
"876",1378
"877",1379
"878",1380
"879",1381
"880",1382
"881",1385
"882",1387
"883",1389
"884",1390
"885",1391
"886",1393
"887",1396
"888",1397
"889",1400
"890",1401
"891",1406
"892",1408
"893",1409
"894",1410
"895",1412
"896",1413
"897",1416
"898",1417
"899",1418
"900",1419
"901",1420
"902",1421
"903",1422
"904",1423
"905",1427
"906",1429
"907",1432
"908",1433
"909",1434
"910",1435
"911",1436
"912",1439
"913",1442
"914",1443
"915",1445
"916",1446
"917",1448
"918",1450
"919",1451
"920",1452
"921",1453
"922",1454
"923",1455
"924",1457
"925",1459
"926",1461
"927",1462
"928",1463
"929",1465
"930",1467
"931",1468
"932",1470
"933",1472
"934",1475
"935",1476
"936",1479
"937",1482
"938",1485
"939",1486
"940",1487
"941",1488
"942",1489
"943",1490
"944",1491
"945",1492
"946",1493
"947",1494
"948",1495
"949",1496
"950",1499
"951",1502
"952",1503
"953",1505
"954",1506
"955",1507
"956",1508
"957",1509
"958",1511
"959",1512
"960",1513
"961",1514
"962",1516
"963",1517
"964",1518
"965",1519
"966",1520
"967",1522
"968",1525
"969",1527
"970",1528
"971",1529
"972",1530
"973",1531
"974",1532
"975",1533
"976",1534
"977",1535
"978",1536
"979",1537
"980",1538
"981",1540
"982",1541
"983",1542
"984",1543
"985",1545
"986",1546
"987",1547
"988",1548
"989",1549
"990",1551
"991",1552
"992",1554
"993",1555
"994",1556
"995",1557
"996",1558
"997",1559
"998",1560
"999",1562
"1000",1564
"1001",1566
"1002",1567
"1003",1568
"1004",1570
"1005",1572
"1006",1573
"1007",1574
"1008",1575
"1009",1576
"1010",1577
"1011",1578
"1012",1579
"1013",1580
"1014",1581
"1015",1582
"1016",1584
"1017",1585
"1018",1586
"1019",1588
"1020",1590
"1021",1591
"1022",1592
"1023",1593
"1024",1594
"1025",1595
"1026",1597
"1027",1600
"1028",1604
"1029",1605
"1030",1606
"1031",1607
"1032",1608
"1033",1610
"1034",1611
"1035",1613
"1036",1614
"1037",1617
"1038",1618
"1039",1619
"1040",1621
"1041",1622
"1042",1624
"1043",1625
"1044",1628
"1045",1629
"1046",1631
"1047",1633
"1048",1635
"1049",1636
"1050",1639
"1051",1640
"1052",1641
"1053",1642
"1054",1643
"1055",1644
"1056",1645
"1057",1647
"1058",1648
"1059",1649
"1060",1654
"1061",1656
"1062",1658
"1063",1659
"1064",1660
"1065",1661
"1066",1663
"1067",1664
"1068",1665
"1069",1666
"1070",1669
"1071",1670
"1072",1671
"1073",1673
"1074",1674
"1075",1675
"1076",1677
"1077",1678
"1078",1679
"1079",1680
"1080",1681
"1081",1683
"1082",1685
"1083",1686
"1084",1687
"1085",1688
"1086",1689
"1087",1690
"1088",1691
"1089",1692
"1090",1693
"1091",1694
"1092",1695
"1093",1696
"1094",1698
"1095",1699
"1096",1702
"1097",1703
"1098",1704
"1099",1707
"1100",1709
"1101",1710
"1102",1711
"1103",1714
"1104",1716
"1105",1717
"1106",1719
"1107",1720
"1108",1723
"1109",1724
"1110",1725
"1111",1727
"1112",1728
"1113",1730
"1114",1731
"1115",1732
"1116",1734
"1117",1735
"1118",1736
"1119",1737
"1120",1738
"1121",1739
"1122",1741
"1123",1742
"1124",1743
"1125",1746
"1126",1747
"1127",1748
"1128",1749
"1129",1750
"1130",1751
"1131",1752
"1132",1754
"1133",1755
"1134",1756
"1135",1757
"1136",1759
"1137",1760
"1138",1764
"1139",1765
"1140",1767
"1141",1769
"1142",1774
"1143",1775
"1144",1776
"1145",1777
"1146",1778
"1147",1779
"1148",1780
"1149",1781
"1150",1783
"1151",1784
"1152",1785
"1153",1786
"1154",1787
"1155",1789
"1156",1790
"1157",1791
"1158",1792
"1159",1793
"1160",1796
"1161",1797
"1162",1798
"1163",1800
"1164",1801
"1165",1805
"1166",1806
"1167",1808
"1168",1809
"1169",1810
"1170",1811
"1171",1812
"1172",1813
"1173",1815
"1174",1816
"1175",1817
"1176",1818
"1177",1819
"1178",1823
"1179",1824
"1180",1825
"1181",1826
"1182",1827
"1183",1828
"1184",1829
"1185",1831
"1186",1832
"1187",1833
"1188",1834
"1189",1835
"1190",1836
"1191",1837
"1192",1838
"1193",1840
"1194",1842
"1195",1843
"1196",1844
"1197",1846
"1198",1847
"1199",1849
"1200",1850
"1201",1851
"1202",1852
"1203",1853
"1204",1854
"1205",1855
"1206",1856
"1207",1857
"1208",1858
"1209",1859
"1210",1860
"1211",1861
"1212",1862
"1213",1864
"1214",1865
"1215",1868
"1216",1869
"1217",1870
"1218",1871
"1219",1872
"1220",1874
"1221",1876
"1222",1877
"1223",1878
"1224",1879
"1225",1881
"1226",1882
"1227",1883
"1228",1884
"1229",1885
"1230",1886
"1231",1887
"1232",1888
"1233",1889
"1234",1890
"1235",1891
"1236",1892
"1237",1894
"1238",1897
"1239",1898
"1240",1899
"1241",1900
"1242",1901
"1243",1903
"1244",1904
"1245",1905
"1246",1906
"1247",1907
"1248",1909
"1249",1910
"1250",1911
"1251",1913
"1252",1916
"1253",1917
"1254",1918
"1255",1919
"1256",1920
"1257",1922
"1258",1924
"1259",1925
"1260",1926
"1261",1928
"1262",1930
"1263",1932
"1264",1933
"1265",1934
"1266",1935
"1267",1937
"1268",1938
"1269",1939
"1270",1940
"1271",1941
"1272",1942
"1273",1943
"1274",1944
"1275",1946
"1276",1947
"1277",1948
"1278",1949
"1279",1950
"1280",1951
"1281",1952
"1282",1953
"1283",1954
"1284",1955
"1285",1956
"1286",1957
"1287",1958
"1288",1959
"1289",1963
"1290",1964
"1291",1966
"1292",1968
"1293",1970
"1294",1972
"1295",1973
"1296",1974
"1297",1975
"1298",1976
"1299",1978
"1300",1980
"1301",1982
"1302",1983
"1303",1984
"1304",1985
"1305",1986
"1306",1989
"1307",1991
"1308",1992
"1309",1994
"1310",1995
"1311",1996
"1312",1997
"1313",1998
"1314",2001
"1315",2002
"1316",2003
"1317",2004
"1318",2005
"1319",2007
"1320",2008
"1321",2009
"1322",2011
"1323",2012
"1324",2013
"1325",2014
"1326",2018
"1327",2019
"1328",2021
"1329",2022
"1330",2023
"1331",2026
"1332",2027
"1333",2028
"1334",2029
"1335",2030
"1336",2031
"1337",2032
"1338",2033
"1339",2035
"1340",2036
"1341",2037
"1342",2038
"1343",2039
"1344",2040
"1345",2042
"1346",2043
"1347",2046
"1348",2048
"1349",2050
"1350",2051
"1351",2052
"1352",2053
"1353",2054
"1354",2055
"1355",2062
"1356",2064
"1357",2066
"1358",2067
"1359",2068
"1360",2069
"1361",2074
"1362",2076
"1363",2077
"1364",2078
"1365",2081
"1366",2082
"1367",2084
"1368",2086
"1369",2087
"1370",2090
"1371",2094
"1372",2096
"1373",2097
"1374",2098
"1375",2100
"1376",2101
"1377",2102
"1378",2103
"1379",2105
"1380",2106
"1381",2107
"1382",2108
"1383",2109
"1384",2110
"1385",2111
"1386",2112
"1387",2113
"1388",2114
"1389",2117
"1390",2123
"1391",2124
"1392",2126
"1393",2128
"1394",2129
"1395",2131
"1396",2132
"1397",2133
"1398",2134
"1399",2136
"1400",2137
"1401",2138
"1402",2139
"1403",2140
"1404",2141
"1405",2145
"1406",2146
"1407",2147
"1408",2148
"1409",2149
"1410",2150
"1411",2151
"1412",2152
"1413",2153
"1414",2155
"1415",2156
"1416",2157
"1417",2158
"1418",2160
"1419",2163
"1420",2166
"1421",2167
"1422",2169
"1423",2170
"1424",2171
"1425",2172
"1426",2174
"1427",2177
"1428",2178
"1429",2179
"1430",2180
"1431",2183
"1432",2185
"1433",2186
"1434",2188
"1435",2189
"1436",2192
"1437",2194
"1438",2195
"1439",2196
"1440",2198
"1441",2199
"1442",2201
"1443",2202
"1444",2203
"1445",2204
"1446",2205
"1447",2206
"1448",2207
"1449",2211
"1450",2212
"1451",2213
"1452",2214
"1453",2215
"1454",2216
"1455",2217
"1456",2218
"1457",2219
"1458",2221
"1459",2223
"1460",2224
"1461",2225
"1462",2226
"1463",2227
"1464",2228
"1465",2229
"1466",2231
"1467",2232
"1468",2233
"1469",2236
"1470",2237
"1471",2238
"1472",2239
"1473",2240
"1474",2241
"1475",2242
"1476",2245
"1477",2247
"1478",2249
"1479",2251
"1480",2254
"1481",2255
"1482",2256
"1483",2257
"1484",2260
"1485",2261
"1486",2262
"1487",2263
"1488",2264
"1489",2266
"1490",2270
"1491",2272
"1492",2274
"1493",2278
"1494",2279
"1495",2280
"1496",2281
"1497",2283
"1498",2284
"1499",2285
"1500",2286
"1501",2287
"1502",2288
"1503",2289
"1504",2290
"1505",2292
"1506",2293
"1507",2294
"1508",2295
"1509",2296
"1510",2297
"1511",2298
"1512",2300
"1513",2304
"1514",2306
"1515",2307
"1516",2308
"1517",2309
"1518",2310
"1519",2311
"1520",2312
"1521",2314
"1522",2315
"1523",2316
"1524",2318
"1525",2320
"1526",2321
"1527",2323
"1528",2324
"1529",2325
"1530",2326
"1531",2329
"1532",2330
"1533",2331
"1534",2332
"1535",2334
"1536",2335
"1537",2337
"1538",2338
"1539",2339
"1540",2340
"1541",2342
"1542",2343
"1543",2345
"1544",2347
"1545",2348
"1546",2349
"1547",2350
"1548",2352
"1549",2354
"1550",2357
"1551",2360
"1552",2361
"1553",2364
"1554",2365
"1555",2368
"1556",2369
"1557",2370
"1558",2371
"1559",2372
"1560",2373
"1561",2376
"1562",2377
"1563",2378
"1564",2380
"1565",2382
"1566",2383
"1567",2384
"1568",2385
"1569",2386
"1570",2389
"1571",2390
"1572",2391
"1573",2393
"1574",2395
"1575",2396
"1576",2397
"1577",2399
"1578",2400
"1579",2401
"1580",2405
"1581",2406
"1582",2407
"1583",2408
"1584",2411
"1585",2412
"1586",2413
"1587",2416
"1588",2417
"1589",2418
"1590",2419
"1591",2422
"1592",2423
"1593",2425
"1594",2426
"1595",2427
"1596",2429
"1597",2430
"1598",2431
"1599",2433
"1600",2434
"1601",2435
"1602",2436
"1603",2438
"1604",2439
"1605",2440
"1606",2442
"1607",2443
"1608",2444
"1609",2445
"1610",2446
"1611",2447
"1612",2448
"1613",2449
"1614",2451
"1615",2453
"1616",2454
"1617",2456
"1618",2457
"1619",2460
"1620",2461
"1621",2462
"1622",2464
"1623",2466
"1624",2467
"1625",2468
"1626",2469
"1627",2471
"1628",2472
"1629",2473
"1630",2474
"1631",2477
"1632",2478
"1633",2480
"1634",2482
"1635",2483
"1636",2485
"1637",2487
"1638",2488
"1639",2489
"1640",2490
"1641",2492
"1642",2493
"1643",2494
"1644",2495
"1645",2496
"1646",2497
"1647",2498
"1648",2499
"1649",2500
"1650",2502
"1651",2506
"1652",2507
"1653",2508
"1654",2513
"1655",2515
"1656",2517
"1657",2518
"1658",2519
"1659",2520
"1660",2521
"1661",2522
"1662",2523
"1663",2524
"1664",2525
"1665",2527
"1666",2529
"1667",2530
"1668",2531
"1669",2532
"1670",2533
"1671",2534
"1672",2535
"1673",2538
"1674",2539
"1675",2541
"1676",2542
"1677",2544
"1678",2545
"1679",2546
"1680",2547
"1681",2548
"1682",2549
"1683",2550
"1684",2552
"1685",2553
"1686",2554
"1687",2555
"1688",2557
"1689",2559
"1690",2562
"1691",2564
"1692",2565
"1693",2566
"1694",2567
"1695",2568
"1696",2569
"1697",2570
"1698",2571
"1699",2572
"1700",2573
"1701",2574
"1702",2575
"1703",2577
"1704",2578
"1705",2579
"1706",2582
"1707",2584
"1708",2585
"1709",2586
"1710",2587
"1711",2588
"1712",2589
"1713",2590
"1714",2591
"1715",2592
"1716",2593
"1717",2594
"1718",2595
"1719",2596
"1720",2599
"1721",2600
"1722",2601
"1723",2602
"1724",2603
"1725",2605
"1726",2606
"1727",2608
"1728",2609
"1729",2610
"1730",2611
"1731",2612
"1732",2613
"1733",2614
"1734",2615
"1735",2616
"1736",2617
"1737",2619
"1738",2620
"1739",2621
"1740",2622
"1741",2623
"1742",2625
"1743",2627
"1744",2628
"1745",2630
"1746",2631
"1747",2634
"1748",2635
"1749",2636
"1750",2637
"1751",2639
"1752",2642
"1753",2643
"1754",2646
"1755",2647
"1756",2649
"1757",2650
"1758",2651
"1759",2654
"1760",2656
"1761",2658
"1762",2659
"1763",2662
"1764",2663
"1765",2664
"1766",2665
"1767",2666
"1768",2668
"1769",2672
"1770",2673
"1771",2678
"1772",2679
"1773",2680
"1774",2681
"1775",2682
"1776",2684
"1777",2686
"1778",2689
"1779",2690
"1780",2692
"1781",2693
"1782",2694
"1783",2695
"1784",2697
"1785",2698
"1786",2699
"1787",2705
"1788",2708
"1789",2710
"1790",2711
"1791",2712
"1792",2714
"1793",2715
"1794",2716
"1795",2719
"1796",2720
"1797",2721
"1798",2722
"1799",2723
"1800",2724
"1801",2725
"1802",2726
"1803",2727
"1804",2728
"1805",2729
"1806",2730
"1807",2731
"1808",2732
"1809",2734
"1810",2735
"1811",2736
"1812",2738
"1813",2739
"1814",2740
"1815",2741
"1816",2742
"1817",2746
"1818",2747
"1819",2748
"1820",2749
"1821",2750
"1822",2751
"1823",2752
"1824",2753
"1825",2756
"1826",2757
"1827",2758
"1828",2759
"1829",2760
"1830",2762
"1831",2764
"1832",2765
"1833",2767
"1834",2768
"1835",2769
"1836",2770
"1837",2773
"1838",2774
"1839",2775
"1840",2777
"1841",2779
"1842",2780
"1843",2781
"1844",2782
"1845",2786
"1846",2789
"1847",2790
"1848",2792
"1849",2793
"1850",2794
"1851",2796
"1852",2800
"1853",2801
"1854",2804
"1855",2805
"1856",2806
"1857",2809
"1858",2810
"1859",2812
"1860",2813
"1861",2814
"1862",2815
"1863",2817
"1864",2818
"1865",2819
"1866",2820
"1867",2821
"1868",2823
"1869",2825
"1870",2826
"1871",2827
"1872",2828
"1873",2829
"1874",2830
"1875",2831
"1876",2833
"1877",2834
"1878",2835
"1879",2836
"1880",2838
"1881",2839
"1882",2840
"1883",2841
"1884",2842
"1885",2844
"1886",2846
"1887",2847
"1888",2848
"1889",2849
"1890",2851
"1891",2852
"1892",2855
"1893",2856
"1894",2858
"1895",2859
"1896",2860
"1897",2861
"1898",2862
"1899",2863
"1900",2864
"1901",2865
"1902",2867
"1903",2870
"1904",2871
"1905",2872
"1906",2873
"1907",2874
"1908",2875
"1909",2876
"1910",2879
"1911",2880
"1912",2882
"1913",2885
"1914",2886
"1915",2888
"1916",2891
"1917",2892
"1918",2893
"1919",2894
"1920",2895
"1921",2896
"1922",2897
"1923",2898
"1924",2902
"1925",2903
"1926",2905
"1927",2906
"1928",2907
"1929",2909
"1930",2910
"1931",2911
"1932",2912
"1933",2913
"1934",2914
"1935",2915
"1936",2916
"1937",2917
"1938",2919
"1939",2920
"1940",2922
"1941",2923
"1942",2924
"1943",2925
"1944",2926
"1945",2928
"1946",2930
"1947",2931
"1948",2932
"1949",2933
"1950",2935
"1951",2936
"1952",2939
"1953",2940
"1954",2942
"1955",2943
"1956",2945
"1957",2947
"1958",2949
"1959",2950
"1960",2952
"1961",2953
"1962",2956
"1963",2957
"1964",2958
"1965",2959
"1966",2960
"1967",2961
"1968",2962
"1969",2963
"1970",2964
"1971",2965
"1972",2966
"1973",2968
"1974",2970
"1975",2971
"1976",2977
"1977",2978
"1978",2980
"1979",2981
"1980",2982
"1981",2983
"1982",2984
"1983",2985
"1984",2986
"1985",2987
"1986",2993
"1987",2994
"1988",2996
"1989",2997
"1990",2998
"1991",2999
"1992",3000
"1993",3001
"1994",3003
"1995",3005
"1996",3006
"1997",3009
"1998",3012
"1999",3013
"2000",3014
"2001",3015
"2002",3017
"2003",3018
"2004",3019
"2005",3021
"2006",3022
"2007",3023
"2008",3024
"2009",3026
"2010",3029
"2011",3030
"2012",3031
"2013",3032
"2014",3033
"2015",3034
"2016",3035
"2017",3036
"2018",3038
"2019",3039
"2020",3041
"2021",3042
"2022",3043
"2023",3045
"2024",3046
"2025",3048
"2026",3049
"2027",3051
"2028",3052
"2029",3055
"2030",3057
"2031",3058
"2032",3062
"2033",3064
"2034",3065
"2035",3066
"2036",3067
"2037",3068
"2038",3069
"2039",3070
"2040",3074
"2041",3076
"2042",3077
"2043",3078
"2044",3079
"2045",3081
"2046",3082
"2047",3083
"2048",3084
"2049",3085
"2050",3086
"2051",3087
"2052",3088
"2053",3089
"2054",3093
"2055",3094
"2056",3095
"2057",3096
"2058",3097
"2059",3098
"2060",3100
"2061",3102
"2062",3104
"2063",3106
"2064",3107
"2065",3108
"2066",3113
"2067",3114
"2068",3115
"2069",3116
"2070",3122
"2071",3123
"2072",3124
"2073",3125
"2074",3126
"2075",3127
"2076",3128
"2077",3129
"2078",3130
"2079",3132
"2080",3133
"2081",3134
"2082",3135
"2083",3136
"2084",3139
"2085",3140
"2086",3141
"2087",3143
"2088",3146
"2089",3147
"2090",3148
"2091",3151
"2092",3154
"2093",3155
"2094",3156
"2095",3157
"2096",3158
"2097",3159
"2098",3160
"2099",3163
"2100",3164
"2101",3165
"2102",3167
"2103",3169
"2104",3171
"2105",3172
"2106",3173
"2107",3174
"2108",3175
"2109",3176
"2110",3177
"2111",3178
"2112",3179
"2113",3180
"2114",3182
"2115",3183
"2116",3184
"2117",3185
"2118",3186
"2119",3188
"2120",3189
"2121",3193
"2122",3194
"2123",3196
"2124",3198
"2125",3199
"2126",3200
"2127",3203
"2128",3206
"2129",3208
"2130",3209
"2131",3210
"2132",3211
"2133",3212
"2134",3215
"2135",3216
"2136",3217
"2137",3218
"2138",3219
"2139",3220
"2140",3222
"2141",3223
"2142",3225
"2143",3228
"2144",3229
"2145",3230
"2146",3231
"2147",3232
"2148",3233
"2149",3234
"2150",3235
"2151",3238
"2152",3239
"2153",3240
"2154",3241
"2155",3243
"2156",3244
"2157",3245
"2158",3249
"2159",3250
"2160",3251
"2161",3252
"2162",3256
"2163",3257
"2164",3259
"2165",3261
"2166",3262
"2167",3263
"2168",3265
"2169",3266
"2170",3267
"2171",3268
"2172",3269
"2173",3270
"2174",3271
"2175",3272
"2176",3277
"2177",3278
"2178",3280
"2179",3281
"2180",3282
"2181",3283
"2182",3284
"2183",3287
"2184",3288
"2185",3289
"2186",3290
"2187",3291
"2188",3293
"2189",3294
"2190",3295
"2191",3296
"2192",3298
"2193",3299
"2194",3301
"2195",3303
"2196",3305
"2197",3306
"2198",3307
"2199",3309
"2200",3310
"2201",3312
"2202",3313
"2203",3315
"2204",3316
"2205",3317
"2206",3318
"2207",3319
"2208",3320
"2209",3321
"2210",3325
"2211",3328
"2212",3329
"2213",3330
"2214",3331
"2215",3332
"2216",3333
"2217",3334
"2218",3336
"2219",3337
"2220",3338
"2221",3339
"2222",3340
"2223",3341
"2224",3343
"2225",3344
"2226",3345
"2227",3346
"2228",3348
"2229",3349
"2230",3350
"2231",3351
"2232",3352
"2233",3353
"2234",3354
"2235",3355
"2236",3356
"2237",3357
"2238",3358
"2239",3359
"2240",3361
"2241",3362
"2242",3363
"2243",3364
"2244",3365
"2245",3367
"2246",3368
"2247",3371
"2248",3372
"2249",3373
"2250",3374
"2251",3377
"2252",3378
"2253",3379
"2254",3381
"2255",3383
"2256",3384
"2257",3386
"2258",3387
"2259",3390
"2260",3392
"2261",3395
"2262",3396
"2263",3401
"2264",3402
"2265",3403
"2266",3405
"2267",3406
"2268",3407
"2269",3408
"2270",3409
"2271",3414
"2272",3415
"2273",3416
"2274",3419
"2275",3421
"2276",3422
"2277",3423
"2278",3427
"2279",3428
"2280",3429
"2281",3430
"2282",3434
"2283",3435
"2284",3436
"2285",3437
"2286",3439
"2287",3441
"2288",3442
"2289",3444
"2290",3445
"2291",3447
"2292",3448
"2293",3450
"2294",3452
"2295",3453
"2296",3454
"2297",3455
"2298",3456
"2299",3457
"2300",3460
"2301",3462
"2302",3467
"2303",3468
"2304",3469
"2305",3470
"2306",3472
"2307",3473
"2308",3474
"2309",3477
"2310",3478
"2311",3479
"2312",3480
"2313",3481
"2314",3482
"2315",3484
"2316",3485
"2317",3486
"2318",3487
"2319",3489
"2320",3492
"2321",3493
"2322",3496
"2323",3497
"2324",3499
"2325",3500
"2326",3501
"2327",3502
"2328",3503
"2329",3505
"2330",3506
"2331",3511
"2332",3513
"2333",3514
"2334",3516
"2335",3517
"2336",3518
"2337",3519
"2338",3521
"2339",3522
"2340",3525
"2341",3526
"2342",3528
"2343",3531
"2344",3532
"2345",3533
"2346",3534
"2347",3535
"2348",3538
"2349",3539
"2350",3540
"2351",3542
"2352",3544
"2353",3545
"2354",3548
"2355",3551
"2356",3553
"2357",3556
"2358",3557
"2359",3558
"2360",3559
"2361",3560
"2362",3561
"2363",3562
"2364",3563
"2365",3565
"2366",3566
"2367",3568
"2368",3570
"2369",3572
"2370",3574
"2371",3576
"2372",3577
"2373",3580
"2374",3581
"2375",3582
"2376",3584
"2377",3585
"2378",3586
"2379",3587
"2380",3588
"2381",3589
"2382",3590
"2383",3591
"2384",3593
"2385",3594
"2386",3595
"2387",3597
"2388",3599
"2389",3600
"2390",3601
"2391",3604
"2392",3605
"2393",3606
"2394",3607
"2395",3608
"2396",3609
"2397",3610
"2398",3611
"2399",3612
"2400",3613
"2401",3614
"2402",3615
"2403",3616
"2404",3618
"2405",3619
"2406",3620
"2407",3621
"2408",3622
"2409",3623
"2410",3625
"2411",3627
"2412",3628
"2413",3629
"2414",3630
"2415",3634
"2416",3635
"2417",3636
"2418",3637
"2419",3638
"2420",3640
"2421",3641
"2422",3644
"2423",3645
"2424",3647
"2425",3648
"2426",3650
"2427",3652
"2428",3653
"2429",3654
"2430",3655
"2431",3657
"2432",3658
"2433",3659
"2434",3660
"2435",3661
"2436",3662
"2437",3663
"2438",3664
"2439",3666
"2440",3667
"2441",3668
"2442",3669
"2443",3670
"2444",3671
"2445",3672
"2446",3673
"2447",3677
"2448",3678
"2449",3679
"2450",3682
"2451",3684
"2452",3686
"2453",3687
"2454",3688
"2455",3689
"2456",3690
"2457",3691
"2458",3692
"2459",3693
"2460",3694
"2461",3695
"2462",3696
"2463",3697
"2464",3703
"2465",3704
"2466",3705
"2467",3707
"2468",3711
"2469",3712
"2470",3713
"2471",3714
"2472",3716
"2473",3717
"2474",3718
"2475",3720
"2476",3723
"2477",3724
"2478",3726
"2479",3727
"2480",3729
"2481",3730
"2482",3731
"2483",3732
"2484",3734
"2485",3735
"2486",3736
"2487",3738
"2488",3739
"2489",3740
"2490",3741
"2491",3743
"2492",3744
"2493",3745
"2494",3746
"2495",3749
"2496",3750
"2497",3751
"2498",3752
"2499",3756
"2500",3757
"2501",3758
"2502",3759
"2503",3760
"2504",3761
"2505",3762
"2506",3763
"2507",3765
"2508",3766
"2509",3767
"2510",3768
"2511",3769
"2512",3770
"2513",3771
"2514",3774
"2515",3775
"2516",3780
"2517",3781
"2518",3783
"2519",3785
"2520",3787
"2521",3791
"2522",3793
"2523",3794
"2524",3796
"2525",3797
"2526",3798
"2527",3799
"2528",3800
"2529",3801
"2530",3802
"2531",3803
"2532",3804
"2533",3805
"2534",3806
"2535",3807
"2536",3809
"2537",3810
"2538",3811
"2539",3812
"2540",3813
"2541",3814
"2542",3815
"2543",3818
"2544",3819
"2545",3821
"2546",3822
"2547",3823
"2548",3824
"2549",3825
"2550",3826
"2551",3827
"2552",3828
"2553",3829
"2554",3830
"2555",3831
"2556",3835
"2557",3836
"2558",3837
"2559",3839
"2560",3840
"2561",3842
"2562",3843
"2563",3844
"2564",3845
"2565",3846
"2566",3848
"2567",3849
"2568",3850
"2569",3852
"2570",3855
"2571",3857
"2572",3860
"2573",3861
"2574",3863
"2575",3864
"2576",3865
"2577",3866
"2578",3867
"2579",3869
"2580",3870
"2581",3871
"2582",3872
"2583",3874
"2584",3877
"2585",3878
"2586",3879
"2587",3880
"2588",3883
"2589",3885
"2590",3887
"2591",3888
"2592",3890
"2593",3891
"2594",3893
"2595",3894
"2596",3895
"2597",3897
"2598",3898
"2599",3900
"2600",3901
"2601",3902
"2602",3904
"2603",3906
"2604",3909
"2605",3910
"2606",3912
"2607",3914
"2608",3915
"2609",3916
"2610",3917
"2611",3918
"2612",3919
"2613",3920
"2614",3922
"2615",3923
"2616",3925
"2617",3926
"2618",3927
"2619",3932
"2620",3933
"2621",3935
"2622",3936
"2623",3937
"2624",3938
"2625",3940
"2626",3941
"2627",3942
"2628",3943
"2629",3944
"2630",3946
"2631",3947
"2632",3948
"2633",3950
